Plant,Source,Type
Snapdragon 'Orange Wonder',Rare Seeds,Seeds
Snapdragon 'Tall Deluxe',Rare Seeds,Seeds
Zinnia 'Redman Super Cactus',Rare Seeds,Seeds
Zinnia 'Macarenia',Etsy,Seeds
Zinnia 'Oklahoma Pink',Rare Seeds,Seeds
Candy Cane Stripe Zinnias,Etsy,Seeds
Cosmos 'Sea Shells',Rare Seeds,Seeds
Cosmos 'Apricotta',Eden Brothers,Seeds
Aster 'Salmon Janina',Rare Seeds,Seeds
Dandelion 'Pink',Rare Seeds,Seeds
Tweedia 'Heavenly Blue',Rare Seeds,Seeds
Daisy 'Blue Disc African',Rare Seeds,Seeds
Daisy 'Pink Shades Paper',Rare Seeds,Seeds
Poppy 'Frosted Salmon',Rare Seeds,Seeds
Poppy 'Purple Peony',Rare Seeds,Seeds
Poppy 'Lilac PomPom',Rare Seeds,Seeds
Poppy 'Jelly Beans Mix',Rare Seeds,Seeds
Bachelor Buttons,Etsy,Seeds
Johnny Jump Ups,Etsy,Seeds
Chamomile,Etsy,Seeds
Hyssop,Rare Seeds,Seeds
Hosta 'Cherry Berry',Breck's,Live Plant
Hosta 'Enterprise',Breck's,Live Plant
Hosta 'Tokudama Flavocircinalis',Breck's,Live Plant
Hardy Fern Collection,Breck's,Live Plants
Shade Designer Garden,Breck's,Live Plants
Sensation Lilac,Breck's,Live Plant
